"id","chart_template_id/id","code_prefix_start","code_prefix_end","name"
"kp_rrif_acc_group_0","l10n_hr_coa_rrif_2015_template","01","09","0 - POTRAŽIVANJA ZA UPISANI KAPITAL I DUGOTRAJNA IMOVINA"
"kp_rrif_acc_group_00","l10n_hr_coa_rrif_2015_template","001","009","00 - POTRAŽIVANJA ZA UPISANI A NEUPLAĆENI KAPITAL"
"kp_rrif_acc_group_01","l10n_hr_coa_rrif_2015_template","011","019","01 - NEMATERIJALNA IMOVINA"
"kp_rrif_acc_group_010","l10n_hr_coa_rrif_2015_template","0101","0109","010 - Izdatci za razvoj"
"kp_rrif_acc_group_011","l10n_hr_coa_rrif_2015_template","0111","0119","011 - Koncesije, patenti, licencije, robne i uslužne marke"
"kp_rrif_acc_group_012","l10n_hr_coa_rrif_2015_template","0121","0129","012 - Softver i ostala prava"
"kp_rrif_acc_group_0120","l10n_hr_coa_rrif_2015_template","01201","01209","0120 - Softwer"
"kp_rrif_acc_group_0121","l10n_hr_coa_rrif_2015_template","01211","01219","0121 - Nematerijalna dugotrajna prava"
"kp_rrif_acc_group_0122","l10n_hr_coa_rrif_2015_template","01221","01229","0122 - Ostala prava"
"kp_rrif_acc_group_013","l10n_hr_coa_rrif_2015_template","0131","0139","013 - Goodwill"
"kp_rrif_acc_group_014","l10n_hr_coa_rrif_2015_template","0141","0149","014 - Ostala nematerijalna imovina"
"kp_rrif_acc_group_015","l10n_hr_coa_rrif_2015_template","0151","0159","015 - Predujmovi za nabavu nematerijalne imovine"
"kp_rrif_acc_group_016","l10n_hr_coa_rrif_2015_template","0161","0169","016 - Nematerijalna imovina u pripremi (analitika prema vrsti računa skupine 01)"
"kp_rrif_acc_group_018","l10n_hr_coa_rrif_2015_template","0181","0189","018 - Vrijednosno usklađenje nematerijalne imovine (analitika prema vrsti računa skupine 01)"
"kp_rrif_acc_group_019","l10n_hr_coa_rrif_2015_template","0191","0199","019 - Akumulirana amortizacija nematerijalne imovine"
"kp_rrif_acc_group_02","l10n_hr_coa_rrif_2015_template","021","029","02 - MATERIJALNA IMOVINA - NEKRETNINE"
"kp_rrif_acc_group_020","l10n_hr_coa_rrif_2015_template","0201","0209","020 - Zemljišta"
"kp_rrif_acc_group_021","l10n_hr_coa_rrif_2015_template","0211","0219","021 - Zemljišna prava (višegodišnja)"
"kp_rrif_acc_group_023","l10n_hr_coa_rrif_2015_template","0231","0239","023 - Građevinski objekti (za vlastite potrebe)"
"kp_rrif_acc_group_024","l10n_hr_coa_rrif_2015_template","0241","0249","024 - Stanovi za vlastite zaposlenike"
"kp_rrif_acc_group_026","l10n_hr_coa_rrif_2015_template","0261","0269","026 - Predujmovi za nabavu nekretnina"
"kp_rrif_acc_group_027","l10n_hr_coa_rrif_2015_template","0271","0279","027 - Nekretnine u pripremi"
"kp_rrif_acc_group_028","l10n_hr_coa_rrif_2015_template","0281","0289","028 - Vrijednosno usklađenje nekretnina"
"kp_rrif_acc_group_029","l10n_hr_coa_rrif_2015_template","0291","0299","029 - Akumulirana amortizacija građevina"
"kp_rrif_acc_group_03","l10n_hr_coa_rrif_2015_template","031","039","03 - POSTROJENJA, OPREMA, ALATI, INVENTAR I TRANSPORTNA SREDSTVA"
"kp_rrif_acc_group_030","l10n_hr_coa_rrif_2015_template","0301","0309","030 - Postrojenja"
"kp_rrif_acc_group_031","l10n_hr_coa_rrif_2015_template","0311","0319","031 - Oprema"
"kp_rrif_acc_group_032","l10n_hr_coa_rrif_2015_template","0321","0329","032 - Alati, pogonski inventar i transportna imovina"
"kp_rrif_acc_group_0320","l10n_hr_coa_rrif_2015_template","03201","03209","0320 - Transportna imovina"
"kp_rrif_acc_group_0321","l10n_hr_coa_rrif_2015_template","03211","03219","0321 - Pokućstvo - inventar"
"kp_rrif_acc_group_033","l10n_hr_coa_rrif_2015_template","0331","0339","033 - Pretporez koji se ne može odbiti (kao dio vrijed. os. aut.)"
"kp_rrif_acc_group_034","l10n_hr_coa_rrif_2015_template","0341","0349","034 - Poljoprivredna oprema i mehanizacija"
"kp_rrif_acc_group_035","l10n_hr_coa_rrif_2015_template","0351","0359","035 - Ostala materijalna imovina"
"kp_rrif_acc_group_036","l10n_hr_coa_rrif_2015_template","0361","0369","036 - Predujmovi za materijalnu imovinu"
"kp_rrif_acc_group_037","l10n_hr_coa_rrif_2015_template","0371","0379","037 - Materijalna imovina u pripremi"
"kp_rrif_acc_group_038","l10n_hr_coa_rrif_2015_template","0381","0389","038 - Vrijednosno usklađenje postrojenja i opreme"
"kp_rrif_acc_group_039","l10n_hr_coa_rrif_2015_template","0391","0399","039 - Akumulirana amortizacija postrojenja i opreme"
"kp_rrif_acc_group_04","l10n_hr_coa_rrif_2015_template","041","049","04 - BIOLOŠKA IMOVINA"
"kp_rrif_acc_group_040","l10n_hr_coa_rrif_2015_template","0401","0409","040 - Biološka imovina - bilje - višegodišnji nasadi"
"kp_rrif_acc_group_041","l10n_hr_coa_rrif_2015_template","0411","0419","041 - Biološka imovina - životinje - osnovno stado"
"kp_rrif_acc_group_046","l10n_hr_coa_rrif_2015_template","0461","0469","046 - Predujmovi za biološku imovinu"
"kp_rrif_acc_group_047","l10n_hr_coa_rrif_2015_template","0471","0479","047 - Biološka imovina u pripremi"
"kp_rrif_acc_group_048","l10n_hr_coa_rrif_2015_template","0481","0489","048 - Vrijednosno usklađenje biološke imovine"
"kp_rrif_acc_group_049","l10n_hr_coa_rrif_2015_template","0491","0499","049 - Akumulirana amortizacija biološke imovine"
"kp_rrif_acc_group_05","l10n_hr_coa_rrif_2015_template","051","059","05 - ULAGANJA U NEKRETNINE"
"kp_rrif_acc_group_050","l10n_hr_coa_rrif_2015_template","0501","0509","050 - Ulaganja u nekretnine - zemljišta"
"kp_rrif_acc_group_051","l10n_hr_coa_rrif_2015_template","0511","0519","051 - Ulaganja u nekretnine - građevine"
"kp_rrif_acc_group_056","l10n_hr_coa_rrif_2015_template","0561","0569","056 - Predujmovi za ulaganja u nekretnine"
"kp_rrif_acc_group_057","l10n_hr_coa_rrif_2015_template","0571","0579","057 - Ulaganja u nekretnine u pripremi"
"kp_rrif_acc_group_058","l10n_hr_coa_rrif_2015_template","0581","0589","058 - Vrijednosno usklađenje ulaganja u nekretnine"
"kp_rrif_acc_group_059","l10n_hr_coa_rrif_2015_template","0591","0599","059 - Akumulirana amortizacija ulaganja u građevine"
"kp_rrif_acc_group_06","l10n_hr_coa_rrif_2015_template","061","069","06 - DUGOTRAJNA FINANCIJSKA IMOVINA (s povratom dužim od jedne godine)"
"kp_rrif_acc_group_060","l10n_hr_coa_rrif_2015_template","0601","0609","060 - Udjeli (dionice) kod povezanih poduzetnika (s više od 20% udjela)"
"kp_rrif_acc_group_061","l10n_hr_coa_rrif_2015_template","0611","0619","061 - Dani zajmovi povezanim poduzetnicima (analitika po društvima u kojima se ima više od 20% udjela)"
"kp_rrif_acc_group_062","l10n_hr_coa_rrif_2015_template","0621","0629","062 - Sudjelujući interesi (udjeli)"
"kp_rrif_acc_group_063","l10n_hr_coa_rrif_2015_template","0631","0639","063 - Zajmovi dani poduzetnicima u kojima postoje sudjelujući interesi (do 20% udjela u T.K.)"
"kp_rrif_acc_group_064","l10n_hr_coa_rrif_2015_template","0641","0649","064 - Ulaganja u vrijednosne papire (dugotrajne)"
"kp_rrif_acc_group_065","l10n_hr_coa_rrif_2015_template","0651","0659","065 - Dani zajmovi, depoziti i sl."
"kp_rrif_acc_group_0650","l10n_hr_coa_rrif_2015_template","06501","06509","0650 - Dani dugotrajni zajmovi"
"kp_rrif_acc_group_0651","l10n_hr_coa_rrif_2015_template","06511","06519","0651 - Depoziti dugotrajni"
"kp_rrif_acc_group_0652","l10n_hr_coa_rrif_2015_template","06521","06529","0652 - Kaucije i kapare"
"kp_rrif_acc_group_066","l10n_hr_coa_rrif_2015_template","0661","0669","066 - Ulaganja koja se obračunavaju metodom udjela"
"kp_rrif_acc_group_067","l10n_hr_coa_rrif_2015_template","0671","0679","067 - Ostala dugotrajna financijska imovina"
"kp_rrif_acc_group_068","l10n_hr_coa_rrif_2015_template","0681","0689","068 - Vrijednosno usklađenje financijske imovine - dugotrajne (analitika prema oblicima imovine u usklađenju)"
"kp_rrif_acc_group_069","l10n_hr_coa_rrif_2015_template","0691","0699","069 - Nezarađene kamate u kreditima i sl."
"kp_rrif_acc_group_07","l10n_hr_coa_rrif_2015_template","071","079","07 - POTRAŽIVANJA (dulja od jedne godine)"
"kp_rrif_acc_group_070","l10n_hr_coa_rrif_2015_template","0701","0709","070 - Potraživanja od povezanih poduzetnika"
"kp_rrif_acc_group_071","l10n_hr_coa_rrif_2015_template","0711","0719","071 - Potraživanja s osnove prodaje na kredit"
"kp_rrif_acc_group_072","l10n_hr_coa_rrif_2015_template","0721","0729","072 - Potraživanja iz faktoringa"
"kp_rrif_acc_group_073","l10n_hr_coa_rrif_2015_template","0731","0739","073 - Potraživanja za jamčevine"
"kp_rrif_acc_group_074","l10n_hr_coa_rrif_2015_template","0741","0749","074 - Potraživanja u sporu i rizična potraživanja"
"kp_rrif_acc_group_075","l10n_hr_coa_rrif_2015_template","0751","0759","075 - Potraživanja za predujmove za usluge"
"kp_rrif_acc_group_076","l10n_hr_coa_rrif_2015_template","0761","0769","076 - Ostala potraživanja - dugotrajna"
"kp_rrif_acc_group_078","l10n_hr_coa_rrif_2015_template","0781","0789","078 - Vrijednosno usklađivanje dugotrajnih potraživanja"
"kp_rrif_acc_group_079","l10n_hr_coa_rrif_2015_template","0791","0799","079 - Potraživanja za nezarađenu kamatu"
"kp_rrif_acc_group_08","l10n_hr_coa_rrif_2015_template","081","089","08 - ODGOĐENA POREZNA IMOVINA"
"kp_rrif_acc_group_080","l10n_hr_coa_rrif_2015_template","0801","0809","080 - Odgođena privremena razlika poreza na dobitak (analitika po godinama)"
"kp_rrif_acc_group_081","l10n_hr_coa_rrif_2015_template","0811","0819","081 - Ostala odgođena porezna imovina"
"kp_rrif_acc_group_1","l10n_hr_coa_rrif_2015_template","11","19","1 - NOVAC, KRATKOTRAJNA FINANCIJSKA IMOVINA, KRATKOTRAJNA POTRAŽIVANJA, TROŠKOVI I PRIHOD BUDUĆEG RAZDOBLJA"
"kp_rrif_acc_group_10","l10n_hr_coa_rrif_2015_template","101","109","10 - NOVAC U BANKAMA I BLAGAJNAMA"
"kp_rrif_acc_group_100","l10n_hr_coa_rrif_2015_template","1001","1009","100 - Transakcijski računi u bankama"
"kp_rrif_acc_group_101","l10n_hr_coa_rrif_2015_template","1011","1019","101 - Otvoreni akreditiv u domaćoj banci"
"kp_rrif_acc_group_102","l10n_hr_coa_rrif_2015_template","1021","1029","102 - Blagajne"
"kp_rrif_acc_group_103","l10n_hr_coa_rrif_2015_template","1031","1039","103 - Devizni računi"
"kp_rrif_acc_group_104","l10n_hr_coa_rrif_2015_template","1041","1049","104 - Otvoreni akreditiv u stranim valutama"
"kp_rrif_acc_group_105","l10n_hr_coa_rrif_2015_template","1051","1059","105 - Devizna blagajna"
"kp_rrif_acc_group_106","l10n_hr_coa_rrif_2015_template","1061","1069","106 - Novac za kupnju deviza"
"kp_rrif_acc_group_108","l10n_hr_coa_rrif_2015_template","1081","1089","108 - Ostala novčana sredstva"
"kp_rrif_acc_group_109","l10n_hr_coa_rrif_2015_template","1091","1099","109 - Vrijednosno usklađenje depozita u bankama"
"kp_rrif_acc_group_11","l10n_hr_coa_rrif_2015_template","111","119","11 - KRATKOTRAJNA FINANCIJSKA IMOVINA (do jedne godine)"
"kp_rrif_acc_group_110","l10n_hr_coa_rrif_2015_template","1101","1109","110 - Udjeli (dionice) u povezanim poduzetnicima"
"kp_rrif_acc_group_111","l10n_hr_coa_rrif_2015_template","1111","1119","111 - Dani zajmovi povezanim poduzetnicima"
"kp_rrif_acc_group_112","l10n_hr_coa_rrif_2015_template","1121","1129","112 - Sudjelujući interesi (udjeli)"
"kp_rrif_acc_group_113","l10n_hr_coa_rrif_2015_template","1131","1139","113 - Zajmovi dani poduzetnicima u kojima postoje sudjelujući interesi (do 20% udjela)"
"kp_rrif_acc_group_114","l10n_hr_coa_rrif_2015_template","1141","1149","114 - Ulaganja u vrijednosne papire"
"kp_rrif_acc_group_1141","l10n_hr_coa_rrif_2015_template","11411","11419","1141 - Mjenice"
"kp_rrif_acc_group_115","l10n_hr_coa_rrif_2015_template","1151","1159","115 - Dani zajmovi, depoziti i sl."
"kp_rrif_acc_group_1150","l10n_hr_coa_rrif_2015_template","11501","11509","1150 - Dani kratkotrajni zajmovi"
"kp_rrif_acc_group_1151","l10n_hr_coa_rrif_2015_template","11511","11519","1151 - Depoziti (do jedne godine)"
"kp_rrif_acc_group_1152","l10n_hr_coa_rrif_2015_template","11521","11529","1152 - Kaucije i jamčevine (do jedne godine)"
"kp_rrif_acc_group_116","l10n_hr_coa_rrif_2015_template","1161","1169","116 - Potraživanja iz ulaganja u investicijske fondove"
"kp_rrif_acc_group_117","l10n_hr_coa_rrif_2015_template","1171","1179","117 - Ostala financijska imovina"
"kp_rrif_acc_group_118","l10n_hr_coa_rrif_2015_template","1181","1189","118 - Potraživanja u sporu (npr. utužena, u stečaju i sl. iz fin. imovine)"
"kp_rrif_acc_group_119","l10n_hr_coa_rrif_2015_template","1191","1199","119 - Vrijednosno usklađivanje financijske imovine - kratkotrajne (analitika po otpisima iz ove skupine računa)"
"kp_rrif_acc_group_12","l10n_hr_coa_rrif_2015_template","121","129","12 - POTRAŽIVANJA (KRATKOTRAJNA)"
"kp_rrif_acc_group_120","l10n_hr_coa_rrif_2015_template","1201","1209","120 - Potraživanja od kupaca"
"kp_rrif_acc_group_121","l10n_hr_coa_rrif_2015_template","1211","1219","121 - Kupci iz EU i inozemstva"
"kp_rrif_acc_group_122","l10n_hr_coa_rrif_2015_template","1221","1229","122 - Potraživanja od povezanih poduzetnika (s više od 20% udjela - ovisni poduzet.)"
"kp_rrif_acc_group_123","l10n_hr_coa_rrif_2015_template","1231","1239","123 - Potraživanja od sudjelujućih poduzetnika (u kojima se drži manje od 20% udjela)"
"kp_rrif_acc_group_124","l10n_hr_coa_rrif_2015_template","1241","1249","124 - Potraživanja za kamate"
"kp_rrif_acc_group_125","l10n_hr_coa_rrif_2015_template","1251","1259","125 - Potraživanja za predujmove za usluge (koje nisu u svezi sa zalihama i dugotr. imov.)"
"kp_rrif_acc_group_126","l10n_hr_coa_rrif_2015_template","1261","1269","126 - Potraživanja iz vanjskotrgovačkog poslovanja (s osnove uvoza odnosno izvoza za tuđi račun)"
"kp_rrif_acc_group_127","l10n_hr_coa_rrif_2015_template","1271","1279","127 - Potraživanja s osnove ostalih aktivnosti"
"kp_rrif_acc_group_128","l10n_hr_coa_rrif_2015_template","1281","1289","128 - Ostala kratkoročna potraživanja"
"kp_rrif_acc_group_129","l10n_hr_coa_rrif_2015_template","1291","1299","129 - Vrijednosno usklađenje potraživanja"
"kp_rrif_acc_group_13","l10n_hr_coa_rrif_2015_template","131","139","13 - POTRAŽIVANJA OD ZAPOSLENIH I OSTALA POTRAŽIVANJA (kratkotrajna)"
"kp_rrif_acc_group_130","l10n_hr_coa_rrif_2015_template","1301","1309","130 - Potraživanja od zaposlenih"
"kp_rrif_acc_group_131","l10n_hr_coa_rrif_2015_template","1311","1319","131 - Potraživanja od vanjskih suradnika"
"kp_rrif_acc_group_133","l10n_hr_coa_rrif_2015_template","1331","1339","133 - Potraživanja od članova poduzetnika"
"kp_rrif_acc_group_134","l10n_hr_coa_rrif_2015_template","1341","1349","134 - Potraživanja u sporu i rizična potraživanja (iz skupine 12 i 13)"
"kp_rrif_acc_group_135","l10n_hr_coa_rrif_2015_template","1351","1359","135 - Potraživanja za sredstva u slobodnoj zoni"
"kp_rrif_acc_group_136","l10n_hr_coa_rrif_2015_template","1361","1369","136 - Potraživanja za prodaju na potrošački kredit"
"kp_rrif_acc_group_137","l10n_hr_coa_rrif_2015_template","1371","1379","137 - Potraživanja od poslovnih jedinica u inozemstvu"
"kp_rrif_acc_group_138","l10n_hr_coa_rrif_2015_template","1381","1389","138 - Ostala poslovna potraživanja"
"kp_rrif_acc_group_139","l10n_hr_coa_rrif_2015_template","1391","1399","139 - Vrijednosno usklađenje potraživanja od zaposlenih članova društva i ostalih potraživanja"
"kp_rrif_acc_group_14","l10n_hr_coa_rrif_2015_template","141","149","14 - POTRAŽIVANJA OD DRŽAVE ZA POREZE, CARINU I DOPRINOSE"
"kp_rrif_acc_group_140","l10n_hr_coa_rrif_2015_template","1401","1409","140 - Porez na dodanu vrijednost"
"kp_rrif_acc_group_1400","l10n_hr_coa_rrif_2015_template","14001","14009","1400 - Pretporez po primljenim isporukama i predujmovima u RH"
"kp_rrif_acc_group_14001","l10n_hr_coa_rrif_2015_template","140011","140019","14001 - Pretporez po ulaznim računima"
"kp_rrif_acc_group_14002","l10n_hr_coa_rrif_2015_template","140021","140029","14002 - Pretporez iz predujmova"
"kp_rrif_acc_group_14003","l10n_hr_coa_rrif_2015_template","140031","140039","14003 - Ispravci pretporeza"
"kp_rrif_acc_group_1401","l10n_hr_coa_rrif_2015_template","14011","14019","1401 - Pretporez iz prenesene porezne obveze u tuzemstvu - 25%"
"kp_rrif_acc_group_1402","l10n_hr_coa_rrif_2015_template","14021","14029","1402 - Pretporez od stjecanja dobara unutar EU"
"kp_rrif_acc_group_1403","l10n_hr_coa_rrif_2015_template","14031","14039","1403 - Pretporez od primljenih usluga iz EU"
"kp_rrif_acc_group_1404","l10n_hr_coa_rrif_2015_template","14041","14049","1404 - Pretporez od primljenih isporuka dobara i usluga od poreznih obveznika bez sjedišta u RH"
"kp_rrif_acc_group_1405","l10n_hr_coa_rrif_2015_template","14051","14059","1405 - PDV pri uvozu dobara"
"kp_rrif_acc_group_1407","l10n_hr_coa_rrif_2015_template","14071","14079","1407 - Potraživanja za razliku većeg pretporeza od obveza"
"kp_rrif_acc_group_1408","l10n_hr_coa_rrif_2015_template","14081","14089","1408 - Pretporez koji još nije moguće priznati"
"kp_rrif_acc_group_1409","l10n_hr_coa_rrif_2015_template","14091","14099","1409 - Pretporez u drugim zemljama u kojima je porezni obveznik registriran za potrebe PDV-a (moguća analitika po zemljama)"
"kp_rrif_acc_group_141","l10n_hr_coa_rrif_2015_template","1411","1419","141 - Potraživanja za porez i prirez na dohodak iz plaća i drugih primanja"
"kp_rrif_acc_group_142","l10n_hr_coa_rrif_2015_template","1421","1429","142 - Potraživanja za više plaćene doprinose iz plaća i na plaće"
"kp_rrif_acc_group_143","l10n_hr_coa_rrif_2015_template","1431","1439","143 - Potraživanja za porez na dobitak i po odbitku"
"kp_rrif_acc_group_144","l10n_hr_coa_rrif_2015_template","1441","1449","144 - Potraživanja za posebne poreze (akcize - trošarine) i dr. poreze od države"
"kp_rrif_acc_group_145","l10n_hr_coa_rrif_2015_template","1451","1459","145 - Potraživanja za plaćenu članarinu turističkim zajed."
"kp_rrif_acc_group_146","l10n_hr_coa_rrif_2015_template","1461","1469","146 - Potraživanja za članarine komori (HGK ili HOK)"
"kp_rrif_acc_group_147","l10n_hr_coa_rrif_2015_template","1471","1479","147 - Potraživanja za carinu i više plaćene carinske pristojbe"
"kp_rrif_acc_group_148","l10n_hr_coa_rrif_2015_template","1481","1489","148 - Potraživanja za županijski i općinski (gradski) porez"
"kp_rrif_acc_group_149","l10n_hr_coa_rrif_2015_template","1491","1499","149 - Potraživanja za ostale nespomenute poreze, doprinose, takse i pristojbe"
"kp_rrif_acc_group_15","l10n_hr_coa_rrif_2015_template","151","159","15 - OSTALA POTRAŽIVANJA OD DRŽAVNIH I DRUGIH INSTITUCIJA"
"kp_rrif_acc_group_150","l10n_hr_coa_rrif_2015_template","1501","1509","150 - Potraživanje za nadoknade bolovanja od HZZO"
"kp_rrif_acc_group_151","l10n_hr_coa_rrif_2015_template","1511","1519","151 - Potraživanja od mirovinskog osiguranja"
"kp_rrif_acc_group_152","l10n_hr_coa_rrif_2015_template","1521","1529","152 - Potraživanja od lokalne samouprave"
"kp_rrif_acc_group_153","l10n_hr_coa_rrif_2015_template","1531","1539","153 - Potraživ. za regrese, premije, stimulac. i držav. potpore"
"kp_rrif_acc_group_154","l10n_hr_coa_rrif_2015_template","1541","1549","154 - Potraživanje od Fonda za otkupljenu ambalažu"
"kp_rrif_acc_group_155","l10n_hr_coa_rrif_2015_template","1551","1559","155 - Ostala potraživanja od državnih institucija"
"kp_rrif_acc_group_159","l10n_hr_coa_rrif_2015_template","1591","1599","159 - Vrijednosno usklađenje potraživanja od države i drugih institucija"
"kp_rrif_acc_group_19","l10n_hr_coa_rrif_2015_template","191","199","19 - PLAĆENI TROŠKOVI BUDUĆEG RAZDOBLJA I OBRAČUNANI PRIHODI"
"kp_rrif_acc_group_190","l10n_hr_coa_rrif_2015_template","1901","1909","190 - Unaprijed plaćeni troškovi"
"kp_rrif_acc_group_191","l10n_hr_coa_rrif_2015_template","1911","1919","191 - Obračunani prihodi (budućeg razdoblja)"
"kp_rrif_acc_group_192","l10n_hr_coa_rrif_2015_template","1921","1929","192 - Unaprijed plaćeni ovisni troškovi nabave (koji nisu na 651)"
"kp_rrif_acc_group_193","l10n_hr_coa_rrif_2015_template","1931","1939","193 - Troškovi kamata iz budućeg razdoblja"
"kp_rrif_acc_group_194","l10n_hr_coa_rrif_2015_template","1941","1949","194 - Unaprijed plaćeni troškovi koncesija (za razdoblje do 12 mj.)"
"kp_rrif_acc_group_195","l10n_hr_coa_rrif_2015_template","1951","1959","195 - Unaprijed plaćene franšize, trgovačko znakovlje, prava i sl. (do 12 mj.)"
"kp_rrif_acc_group_196","l10n_hr_coa_rrif_2015_template","1961","1969","196 - Unaprijed plaćene licencije i patenti (do 12 mj.)"
"kp_rrif_acc_group_197","l10n_hr_coa_rrif_2015_template","1971","1979","197 - Derivativ - instrument zaštite (MRS 39. t. 71.)"
"kp_rrif_acc_group_199","l10n_hr_coa_rrif_2015_template","1991","1999","199 - Ostali plaćeni troškovi budućeg razdoblja"
"kp_rrif_acc_group_2","l10n_hr_coa_rrif_2015_template","21","29","2 - KRATKOROČNE I DUGOROČNE OBVEZE, DUGOROČNA REZERVIRANJA, ODGOĐENA PLAĆANJA I PRIHODI BUDUĆEG RAZDOBLJA"
"kp_rrif_acc_group_20","l10n_hr_coa_rrif_2015_template","201","209","20 - KRATKOROČNE OBVEZE PREMA POVEZANIM PODUZETNICIMA I S OSNOVE UDJELA U REZULTATU (do jedne godine)"
"kp_rrif_acc_group_200","l10n_hr_coa_rrif_2015_template","2001","2009","200 - Obveze prema povezanim poduzetnicima"
"kp_rrif_acc_group_201","l10n_hr_coa_rrif_2015_template","2011","2019","201 - Obveze s osnove udjela u rezultatu"
"kp_rrif_acc_group_21","l10n_hr_coa_rrif_2015_template","211","219","21 - KRATKOROČNE FINANCIJSKE OBVEZE"
"kp_rrif_acc_group_210","l10n_hr_coa_rrif_2015_template","2101","2109","210 - Obveze za izdane čekove"
"kp_rrif_acc_group_211","l10n_hr_coa_rrif_2015_template","2111","2119","211 - Obveze za izdane mjenice"
"kp_rrif_acc_group_212","l10n_hr_coa_rrif_2015_template","2121","2129","212 - Obveze po izdanim vrijednosnim papirima"
"kp_rrif_acc_group_213","l10n_hr_coa_rrif_2015_template","2131","2139","213 - Obveze prema poduzetnicima u kojima postoje sudjelujući interesi (do 20% udjela)"
"kp_rrif_acc_group_214","l10n_hr_coa_rrif_2015_template","2141","2149","214 - Obveze s osnove zajmova, depozita i sl."
"kp_rrif_acc_group_215","l10n_hr_coa_rrif_2015_template","2151","2159","215 - Obveze prema bankama i drugim financijskim institucijama"
"kp_rrif_acc_group_216","l10n_hr_coa_rrif_2015_template","2161","2169","216 - Obveze prema izdavateljima kreditnih kartica (analitika prema kartičarima)"
"kp_rrif_acc_group_217","l10n_hr_coa_rrif_2015_template","2171","2179","217 - Obveze iz eskontnih poslova"
"kp_rrif_acc_group_218","l10n_hr_coa_rrif_2015_template","2181","2189","218 - Obveze s osnove dugotrajne imovine namijenjene prodaji (analitika prema izvorima)"
"kp_rrif_acc_group_22","l10n_hr_coa_rrif_2015_template","221","229","22 - OBVEZE PREMA DOBAVLJAČIMA, ZA PREDUJMOVE I OSTALE OBVEZE"
"kp_rrif_acc_group_220","l10n_hr_coa_rrif_2015_template","2201","2209","220 - Obveze prema dobavljačima u zemlji (analitika prema dobavljačima)"
"kp_rrif_acc_group_221","l10n_hr_coa_rrif_2015_template","2211","2219","221 - Dobavljači iz EU i inozemstva (analitika prema dobavljačima)"
"kp_rrif_acc_group_222","l10n_hr_coa_rrif_2015_template","2221","2229","222 - Dobavljači fizičke osobe"
"kp_rrif_acc_group_223","l10n_hr_coa_rrif_2015_template","2231","2239","223 - Dobavljači komunalnih usluga"
"kp_rrif_acc_group_224","l10n_hr_coa_rrif_2015_template","2241","2249","224 - Obveze za nefakturirane a preuzete isporuke robe i usluge"
"kp_rrif_acc_group_225","l10n_hr_coa_rrif_2015_template","2251","2259","225 - Obveze za predujmove"
"kp_rrif_acc_group_23","l10n_hr_coa_rrif_2015_template","231","239","23 - OBVEZE PREMA ZAPOSLENIMA I OSTALE OBVEZE"
"kp_rrif_acc_group_230","l10n_hr_coa_rrif_2015_template","2301","2309","230 - Obveze prema zaposlenicima"
"kp_rrif_acc_group_2306","l10n_hr_coa_rrif_2015_template","23061","23069","2306 - Obveze za obustave iz neto-plaća i nadoknada plaća"
"kp_rrif_acc_group_231","l10n_hr_coa_rrif_2015_template","2311","2319","231 - Kratkoročne obveze iz nabava i potpora"
"kp_rrif_acc_group_232","l10n_hr_coa_rrif_2015_template","2321","2329","232 - Obveze za kamate (analitika prema dužnicima i vrstama obveza prema nepovezanim društvima)"
"kp_rrif_acc_group_233","l10n_hr_coa_rrif_2015_template","2331","2339","233 - Obveze po obračunu prodanih dobara primljenih u komisiju ili konsignaciju"
"kp_rrif_acc_group_234","l10n_hr_coa_rrif_2015_template","2341","2349","234 - Obveze prema osiguravajućim društvima"
"kp_rrif_acc_group_235","l10n_hr_coa_rrif_2015_template","2351","2359","235 - Obveze iz poslovanja u slobodnoj zoni"
"kp_rrif_acc_group_236","l10n_hr_coa_rrif_2015_template","2361","2369","236 - Obveze iz vanjskotrgovačkog poslovanja"
"kp_rrif_acc_group_237","l10n_hr_coa_rrif_2015_template","2371","2379","237 - Obveze prema poslovnim jedinicama u inozemstvu"
"kp_rrif_acc_group_238","l10n_hr_coa_rrif_2015_template","2381","2389","238 - Obveze iz stjecanja udjela"
"kp_rrif_acc_group_239","l10n_hr_coa_rrif_2015_template","2391","2399","239 - Ostale kratkoročne obveze"
"kp_rrif_acc_group_24","l10n_hr_coa_rrif_2015_template","241","249","24 - KRATKOROČNE OBVEZE ZA POREZE, DOPRINOSE I SLIČNA DAVANJA"
"kp_rrif_acc_group_240","l10n_hr_coa_rrif_2015_template","2401","2409","240 - Obveze za porez na dodanu vrijednost"
"kp_rrif_acc_group_2400","l10n_hr_coa_rrif_2015_template","24001","24009","2400 - Obveze za PDV"
"kp_rrif_acc_group_24001","l10n_hr_coa_rrif_2015_template","240011","240019","24001 - Obveza za PDV po isporukama"
"kp_rrif_acc_group_24002","l10n_hr_coa_rrif_2015_template","240021","240029","24002 - Obveza za PDV za primljene predujmove"
"kp_rrif_acc_group_24003","l10n_hr_coa_rrif_2015_template","240031","240039","24003 - Obveza za PDV po nezaračunanim isporukama"
"kp_rrif_acc_group_2401","l10n_hr_coa_rrif_2015_template","24011","24019","2401 - Obveza za PDV iz prenesene porezne obveze iz tuzemstva - 25%"
"kp_rrif_acc_group_2402","l10n_hr_coa_rrif_2015_template","24021","24029","2402 - Obveze za PDV za stjecanje dobara iz EU"
"kp_rrif_acc_group_2403","l10n_hr_coa_rrif_2015_template","24031","24039","2403 - Obveze za PDV za primljene usluge iz EU"
"kp_rrif_acc_group_2404","l10n_hr_coa_rrif_2015_template","24041","24049","2404 - Obveza PDV-a od poreznih obveznika bez sjedišta u RH"
"kp_rrif_acc_group_2406","l10n_hr_coa_rrif_2015_template","24061","24069","2406 - Obveze za PDV koje se ne izvještavaju u obrascu PDV-a"
"kp_rrif_acc_group_2407","l10n_hr_coa_rrif_2015_template","24071","24079","2407 - Obveza za razliku poreza i pretporeza"
"kp_rrif_acc_group_2409","l10n_hr_coa_rrif_2015_template","24091","24099","2409 - Obveza za PDV u drugim zemljama u kojima je porezni obveznik registriran za potrebe PDV-a (moguća analitika po zemljama)"
"kp_rrif_acc_group_241","l10n_hr_coa_rrif_2015_template","2411","2419","241 - Obveze za porez i prirez na dohodak"
"kp_rrif_acc_group_242","l10n_hr_coa_rrif_2015_template","2421","2429","242 - Obveze za doprinose za osiguranja"
"kp_rrif_acc_group_2427","l10n_hr_coa_rrif_2015_template","24271","24279","2427 - Doprinosi za osiguranja na druge dohotke"
"kp_rrif_acc_group_243","l10n_hr_coa_rrif_2015_template","2431","2439","243 - Obveze za porez na dobitak, dohodak od kapitala i porez po odbitku"
"kp_rrif_acc_group_2431","l10n_hr_coa_rrif_2015_template","24311","24319","2431 - Obveze za porez na dohotke od kapitala"
"kp_rrif_acc_group_244","l10n_hr_coa_rrif_2015_template","2441","2449","244 - Obveze za posebne poreze (trošarine - akcize) i dr. poreze državi"
"kp_rrif_acc_group_245","l10n_hr_coa_rrif_2015_template","2451","2459","245 - Obveze za članarinu turističkim zajednicama"
"kp_rrif_acc_group_246","l10n_hr_coa_rrif_2015_template","2461","2469","246 - Obveze za članarinu komori"
"kp_rrif_acc_group_247","l10n_hr_coa_rrif_2015_template","2471","2479","247 - Obveze za carinu i carinske pristojbe"
"kp_rrif_acc_group_248","l10n_hr_coa_rrif_2015_template","2481","2489","248 - Obveze za županijske (gradske) i općinske poreze"
"kp_rrif_acc_group_249","l10n_hr_coa_rrif_2015_template","2491","2499","249 - Ostale obveze javnih davanja"
"kp_rrif_acc_group_25","l10n_hr_coa_rrif_2015_template","251","259","25 - DUGOROČNE OBVEZE (za duže od jedne godine)"
"kp_rrif_acc_group_250","l10n_hr_coa_rrif_2015_template","2501","2509","250 - Obveze prema povezanim poduzetnicima"
"kp_rrif_acc_group_251","l10n_hr_coa_rrif_2015_template","2511","2519","251 - Obveze za zajmove, depozite i sl."
"kp_rrif_acc_group_252","l10n_hr_coa_rrif_2015_template","2521","2529","252 - Obveze prema bankama i dr. financijskim institucijama"
"kp_rrif_acc_group_253","l10n_hr_coa_rrif_2015_template","2531","2539","253 - Dugoročne obveze iz financijskog lizinga"
"kp_rrif_acc_group_254","l10n_hr_coa_rrif_2015_template","2541","2549","254 - Obveze za predujmove"
"kp_rrif_acc_group_255","l10n_hr_coa_rrif_2015_template","2551","2559","255 - Obveze prema dobavljačima (neisplaćene dugoročne obveze prema vjerovnicima s osnove poslovanja)"
"kp_rrif_acc_group_256","l10n_hr_coa_rrif_2015_template","2561","2569","256 - Obveze po vrijednosnim papirima (dugoročnim)"
"kp_rrif_acc_group_257","l10n_hr_coa_rrif_2015_template","2571","2579","257 - Obveze prema poduzetnicima u kojima postoje sudjelujući interesi (do 20% udjela)"
"kp_rrif_acc_group_258","l10n_hr_coa_rrif_2015_template","2581","2589","258 - Obveze prema Državi (realizirana jamstva, krediti)"
"kp_rrif_acc_group_259","l10n_hr_coa_rrif_2015_template","2591","2599","259 - Ostale dugoročne obveze"
"kp_rrif_acc_group_26","l10n_hr_coa_rrif_2015_template","261","269","26 - ODGOĐENI POREZI"
"kp_rrif_acc_group_260","l10n_hr_coa_rrif_2015_template","2601","2609","260 - Odgođena porezna obveza"
"kp_rrif_acc_group_28","l10n_hr_coa_rrif_2015_template","281","289","28 - DUGOROČNA REZERVIRANJA ZA RIZIKE I TROŠKOVE"
"kp_rrif_acc_group_280","l10n_hr_coa_rrif_2015_template","2801","2809","280 - Rezerviranja za otpremnine i mirovine"
"kp_rrif_acc_group_281","l10n_hr_coa_rrif_2015_template","2811","2819","281 - Rezerviranja za porezne obveze"
"kp_rrif_acc_group_282","l10n_hr_coa_rrif_2015_template","2821","2829","282 - Druga rezerviranja"
"kp_rrif_acc_group_29","l10n_hr_coa_rrif_2015_template","291","299","29 - ODGOĐENO PLAĆANJE TROŠKOVA I PRIHOD BUDUĆEG RAZDOBLJA"
"kp_rrif_acc_group_290","l10n_hr_coa_rrif_2015_template","2901","2909","290 - Odgođeno plaćanje troškova"
"kp_rrif_acc_group_291","l10n_hr_coa_rrif_2015_template","2911","2919","291 - Obračunani troškovi korištenih prava"
"kp_rrif_acc_group_292","l10n_hr_coa_rrif_2015_template","2921","2929","292 - Obračunani troškovi nabave dobara"
"kp_rrif_acc_group_293","l10n_hr_coa_rrif_2015_template","2931","2939","293 - Obračunani prihodi budućeg razdoblja"
"kp_rrif_acc_group_294","l10n_hr_coa_rrif_2015_template","2941","2949","294 - Odgođeno priznavanje prihoda iz državnih potpora (HSFI t. 15.37 i MRS 20, t. 12. i 24.)"
"kp_rrif_acc_group_295","l10n_hr_coa_rrif_2015_template","2951","2959","295 - Odgođeno priznavanje prihoda"
"kp_rrif_acc_group_296","l10n_hr_coa_rrif_2015_template","2961","2969","296 - Odgođeni prihod s osnove nefakturiranih isporuka dobara i usluga"
"kp_rrif_acc_group_297","l10n_hr_coa_rrif_2015_template","2971","2979","297 - Nerealizirani dobitci iz financijske imovine (HSFI 9 i MRS 39)"
"kp_rrif_acc_group_298","l10n_hr_coa_rrif_2015_template","2981","2989","298 - Rezerviranje troška za neiskorištene godišnje odmore"
"kp_rrif_acc_group_299","l10n_hr_coa_rrif_2015_template","2991","2999","299 - Ostala pasivna vremenska razgraničenja"
"kp_rrif_acc_group_3","l10n_hr_coa_rrif_2015_template","31","39","3 - ZALIHE SIROVINA I MATERIJALA, REZERVNIH DIJELOVA I SITNOG INVENTARA"
"kp_rrif_acc_group_30","l10n_hr_coa_rrif_2015_template","301","309","30 - OBRAČUN TROŠKOVA KUPNJE ZALIHA"
"kp_rrif_acc_group_300","l10n_hr_coa_rrif_2015_template","3001","3009","300 - Kupovna cijena dobavljača"
"kp_rrif_acc_group_301","l10n_hr_coa_rrif_2015_template","3011","3019","301 - Ovisni troškovi nabave (u svezi s dovođenjem na zalihu)"
"kp_rrif_acc_group_302","l10n_hr_coa_rrif_2015_template","3021","3029","302 - Carina i druge uvozne pristojbe"
"kp_rrif_acc_group_303","l10n_hr_coa_rrif_2015_template","3031","3039","303 - Posebni porezi (trošarine) koji se ne mogu odbiti"
"kp_rrif_acc_group_309","l10n_hr_coa_rrif_2015_template","3091","3099","309 - Obračun troškova kupnje"
"kp_rrif_acc_group_31","l10n_hr_coa_rrif_2015_template","311","319","31 - SIROVINE I MATERIJAL NA ZALIHI"
"kp_rrif_acc_group_310","l10n_hr_coa_rrif_2015_template","3101","3109","310 - Sirovine i materijal u skladištu"
"kp_rrif_acc_group_311","l10n_hr_coa_rrif_2015_template","3111","3119","311 - Materijal u doradi, obradi i manipulaciji"
"kp_rrif_acc_group_312","l10n_hr_coa_rrif_2015_template","3121","3129","312 - Materijal na doradi kod ortaka"
"kp_rrif_acc_group_313","l10n_hr_coa_rrif_2015_template","3131","3139","313 - Zalihe materijala za poljoprivredu"
"kp_rrif_acc_group_318","l10n_hr_coa_rrif_2015_template","3181","3189","318 - Odstupanje od cijene zaliha"
"kp_rrif_acc_group_319","l10n_hr_coa_rrif_2015_template","3191","3199","319 - Vrijednosno usklađenje zaliha sirovina i materijala"
"kp_rrif_acc_group_32","l10n_hr_coa_rrif_2015_template","321","329","32 - ZALIHE REZERVNIH DIJELOVA"
"kp_rrif_acc_group_320","l10n_hr_coa_rrif_2015_template","3201","3209","320 - Rezervni dijelovi na zalihi"
"kp_rrif_acc_group_328","l10n_hr_coa_rrif_2015_template","3281","3289","328 - Odstupanje od cijene dijelova na zalihi"
"kp_rrif_acc_group_329","l10n_hr_coa_rrif_2015_template","3291","3299","329 - Vrijednosno usklađenje zaliha rezervnih dijelova"
"kp_rrif_acc_group_35","l10n_hr_coa_rrif_2015_template","351","359","35 - ZALIHE SITNOG INVENTARA"
"kp_rrif_acc_group_350","l10n_hr_coa_rrif_2015_template","3501","3509","350 - Sitan inventar na zalihi"
"kp_rrif_acc_group_351","l10n_hr_coa_rrif_2015_template","3511","3519","351 - Ambalaža na zalihi (samo vlastita i višekratna, analitika prema vrstama)"
"kp_rrif_acc_group_352","l10n_hr_coa_rrif_2015_template","3521","3529","352 - Autogume na zalihi"
"kp_rrif_acc_group_358","l10n_hr_coa_rrif_2015_template","3581","3589","358 - Odstupanje od cijene"
"kp_rrif_acc_group_359","l10n_hr_coa_rrif_2015_template","3591","3599","359 - Vrijednosno usklađenje zaliha"
"kp_rrif_acc_group_36","l10n_hr_coa_rrif_2015_template","361","369","36 - ZALIHE SITNOG INVENTARA U UPORABI"
"kp_rrif_acc_group_360","l10n_hr_coa_rrif_2015_template","3601","3609","360 - Sitan inventar u uporabi"
"kp_rrif_acc_group_361","l10n_hr_coa_rrif_2015_template","3611","3619","361 - Ambalaža u uporabi"
"kp_rrif_acc_group_362","l10n_hr_coa_rrif_2015_template","3621","3629","362 - Autogume u uporabi"
"kp_rrif_acc_group_363","l10n_hr_coa_rrif_2015_template","3631","3639","363 - Otpis sitnog inventara"
"kp_rrif_acc_group_364","l10n_hr_coa_rrif_2015_template","3641","3649","364 - Otpis ambalaže"
"kp_rrif_acc_group_365","l10n_hr_coa_rrif_2015_template","3651","3659","365 - Otpis autoguma"
"kp_rrif_acc_group_369","l10n_hr_coa_rrif_2015_template","3691","3699","369 - Vrijednosno usklađenje sitnog inventara, ambalaže i autoguma"
"kp_rrif_acc_group_37","l10n_hr_coa_rrif_2015_template","371","379","37 - PREDUJMOVI DOBAVLJAČIMA SIROVINA I MATERIJALA, REZERVNIH DIJELOVA, SITNOG INVENTARA I AUTOGUMA"
"kp_rrif_acc_group_370","l10n_hr_coa_rrif_2015_template","3701","3709","370 - Predujmovi dobavljačima materijala"
"kp_rrif_acc_group_371","l10n_hr_coa_rrif_2015_template","3711","3719","371 - Predujmovi dobavljačima rezervnih dijelova"
"kp_rrif_acc_group_372","l10n_hr_coa_rrif_2015_template","3721","3729","372 - Predujmovi dobavljačima sitnog inventara"
"kp_rrif_acc_group_373","l10n_hr_coa_rrif_2015_template","3731","3739","373 - Predujmovi dani uvozniku za nabavu sirovina i materijala, dijelova i inventara"
"kp_rrif_acc_group_374","l10n_hr_coa_rrif_2015_template","3741","3749","374 - Predujmovi inozemnim dobavljačima"
"kp_rrif_acc_group_379","l10n_hr_coa_rrif_2015_template","3791","3799","379 - Vrijednosno usklađenje danih predujmova"
"kp_rrif_acc_group_4","l10n_hr_coa_rrif_2015_template","41","49","4 - TROŠKOVI PREMA VRSTAMA, FINANCIJSKI I OSTALI RASHODI"
"kp_rrif_acc_group_40","l10n_hr_coa_rrif_2015_template","401","409","40 - MATERIJALNI TROŠKOVI"
"kp_rrif_acc_group_400","l10n_hr_coa_rrif_2015_template","4001","4009","400 - Troškovi sirovina i materijala (za proizvodnju dobara i usluga)"
"kp_rrif_acc_group_401","l10n_hr_coa_rrif_2015_template","4011","4019","401 - Materijalni troškovi administracije, uprave i prodaje"
"kp_rrif_acc_group_402","l10n_hr_coa_rrif_2015_template","4021","4029","402 - Troškovi istraživanja i razvoja"
"kp_rrif_acc_group_403","l10n_hr_coa_rrif_2015_template","4031","4039","403 - Troškovi ambalaže"
"kp_rrif_acc_group_404","l10n_hr_coa_rrif_2015_template","4041","4049","404 - Trošak sitnog inventara, ambalaže i autoguma"
"kp_rrif_acc_group_405","l10n_hr_coa_rrif_2015_template","4051","4059","405 - Potrošeni rezervni dijelovi i materijal za održavanje"
"kp_rrif_acc_group_406","l10n_hr_coa_rrif_2015_template","4061","4069","406 - Potrošena energija u proizvodnji dobara i usluga"
"kp_rrif_acc_group_407","l10n_hr_coa_rrif_2015_template","4071","4079","407 - Potrošena energija u administraciji, upravi i prodaji"
"kp_rrif_acc_group_408","l10n_hr_coa_rrif_2015_template","4081","4089","408 - Troškovi uzoraka"
"kp_rrif_acc_group_409","l10n_hr_coa_rrif_2015_template","4091","4099","409 - Odstupanja od standardnog troška"
"kp_rrif_acc_group_41","l10n_hr_coa_rrif_2015_template","411","419","41 - OSTALI VANJSKI TROŠKOVI (TROŠKOVI USLUGA)"
"kp_rrif_acc_group_410","l10n_hr_coa_rrif_2015_template","4101","4109","410 - Troškovi telefona, prijevoza i sl."
"kp_rrif_acc_group_411","l10n_hr_coa_rrif_2015_template","4111","4119","411 - Troškovi vanjskih usluga pri izradi dobara i obavljanju usluga"
"kp_rrif_acc_group_412","l10n_hr_coa_rrif_2015_template","4121","4129","412 - Usluge održavanja i zaštite (servisne usluge)"
"kp_rrif_acc_group_413","l10n_hr_coa_rrif_2015_template","4131","4139","413 - Usluge registracije prijevoznih sredstava i troškovi dozvola"
"kp_rrif_acc_group_414","l10n_hr_coa_rrif_2015_template","4141","4149","414 - Usluge zakupa - lizinga"
"kp_rrif_acc_group_4149","l10n_hr_coa_rrif_2015_template","41491","41499","4149 - Troškovi ostalih najmova"
"kp_rrif_acc_group_415","l10n_hr_coa_rrif_2015_template","4151","4159","415 - Usluge promidžbe, sponzorstva i troškovi sajmova"
"kp_rrif_acc_group_416","l10n_hr_coa_rrif_2015_template","4161","4169","416 - Intelektualne i osobne usluge"
"kp_rrif_acc_group_417","l10n_hr_coa_rrif_2015_template","4171","4179","417 - Troškovi komunalnih i sličnih usluga"
"kp_rrif_acc_group_418","l10n_hr_coa_rrif_2015_template","4181","4189","418 - Usluge reprezentacije - ugošćivanja"
"kp_rrif_acc_group_419","l10n_hr_coa_rrif_2015_template","4191","4199","419 - Troškovi ostalih vanjskih usluga"
"kp_rrif_acc_group_42","l10n_hr_coa_rrif_2015_template","421","429","42 - TROŠKOVI OSOBLJA - PLAĆE"
"kp_rrif_acc_group_420","l10n_hr_coa_rrif_2015_template","4201","4209","420 - Neto plaće i nadoknade"
"kp_rrif_acc_group_421","l10n_hr_coa_rrif_2015_template","4211","4219","421 - Troškovi poreza i prireza"
"kp_rrif_acc_group_422","l10n_hr_coa_rrif_2015_template","4221","4229","422 - Troškovi doprinosa iz plaća"
"kp_rrif_acc_group_423","l10n_hr_coa_rrif_2015_template","4231","4239","423 - Doprinosi na plaće"
"kp_rrif_acc_group_424","l10n_hr_coa_rrif_2015_template","4241","4249","424 - Bruto plaće (privremeno v. napomenu pod 2)"
"kp_rrif_acc_group_43","l10n_hr_coa_rrif_2015_template","431","439","43 - AMORTIZACIJA"
"kp_rrif_acc_group_430","l10n_hr_coa_rrif_2015_template","4301","4309","430 - Amortizacija nematerijalne imovine"
"kp_rrif_acc_group_431","l10n_hr_coa_rrif_2015_template","4311","4319","431 - Amortizacija materijalne imovine"
"kp_rrif_acc_group_432","l10n_hr_coa_rrif_2015_template","4321","4329","432 - Amortizacija osobnih automobila i dr. sredstava za osobni prijevoz"
"kp_rrif_acc_group_433","l10n_hr_coa_rrif_2015_template","4331","4339","433 - Amortizacija objekata i opreme uprave i prodaje"
"kp_rrif_acc_group_434","l10n_hr_coa_rrif_2015_template","4341","4349","434 - Povećana amortizacija s temelja revalorizacije"
"kp_rrif_acc_group_435","l10n_hr_coa_rrif_2015_template","4351","4359","435 - Amortizacija biološke imovine (vinogradi, voćnjaci, osnovno stado i sl.)"
"kp_rrif_acc_group_436","l10n_hr_coa_rrif_2015_template","4361","4369","436 - Amortizacija iznad porezno dopuštene"
"kp_rrif_acc_group_44","l10n_hr_coa_rrif_2015_template","441","449","44 - VRIJEDNOSNO USKLAĐENJE DUGOTRAJNE I KRATKOTRAJNE IMOVINE"
"kp_rrif_acc_group_440","l10n_hr_coa_rrif_2015_template","4401","4409","440 - Vrijednosno usklađenje dugotrajne nematerijalne imovine (018)"
"kp_rrif_acc_group_441","l10n_hr_coa_rrif_2015_template","4411","4419","441 - Vrijednosno usklađenje dugotrajne materijalne imovine"
"kp_rrif_acc_group_442","l10n_hr_coa_rrif_2015_template","4421","4429","442 - Vrijednosno usklađenje dugotrajnih potraživanja (veza sa 078)"
"kp_rrif_acc_group_444","l10n_hr_coa_rrif_2015_template","4441","4449","444 - Vrijednosno usklađenje depozita u bankama, mjenica, čekova i sl. (109 i dio 119)"
"kp_rrif_acc_group_445","l10n_hr_coa_rrif_2015_template","4451","4459","445 - Vrijednosno usklađenje kratkotrajnih potraživanja"
"kp_rrif_acc_group_446","l10n_hr_coa_rrif_2015_template","4461","4469","446 - Vrijednosno usklađenje zaliha (veza s 319, 329, 359 i 369)"
"kp_rrif_acc_group_447","l10n_hr_coa_rrif_2015_template","4471","4479","447 - Vrijednosno usklađenje danih predujmova (veza s 379)"
"kp_rrif_acc_group_448","l10n_hr_coa_rrif_2015_template","4481","4489","448 - Vrijednosno usklađenje potraživanja iz predstečajne nagodbe"
"kp_rrif_acc_group_45","l10n_hr_coa_rrif_2015_template","451","459","45 - REZERVIRANJA (v. skupinu 28)"
"kp_rrif_acc_group_450","l10n_hr_coa_rrif_2015_template","4501","4509","450 - Troškovi dugoročnog rezerviranja za rizike u jamstvenom (garancijskom) roku (čl. 11. st. 2. ZoPD-a)"
"kp_rrif_acc_group_451","l10n_hr_coa_rrif_2015_template","4511","4519","451 - Troškovi dugoročnog rezerviranja za gubitke po započetim sudskim sporovima (čl. 11. st. 2. ZoPD-a)"
"kp_rrif_acc_group_452","l10n_hr_coa_rrif_2015_template","4521","4529","452 - Troškovi dugoročnog rezerviranja za obnovu prirodnog bogatstva (čl. 11. st. 2. ZoPD-a)"
"kp_rrif_acc_group_453","l10n_hr_coa_rrif_2015_template","4531","4539","453 - Troškovi dugoročnog rezerviranja za otpremnine (čl. 11. st. 2. ZoPD-a)"
"kp_rrif_acc_group_454","l10n_hr_coa_rrif_2015_template","4541","4549","454 - Troškovi dugoroč. rez. za neiskorišteni godišnji odmor (čl. 11. st. 5. ZoPD-a i MRS 19) - vidi rač. 298"
"kp_rrif_acc_group_455","l10n_hr_coa_rrif_2015_template","4551","4559","455 - Troškovi dugoročnog rezerviranja za restrukturiranje poduzeća (MRS 37, t. 72. i HSFI t. 16.22)"
"kp_rrif_acc_group_456","l10n_hr_coa_rrif_2015_template","4561","4569","456 - Troškovi dugoročnog rezerviranja za mirovine i slične troškove - obveze (MRS 19)"
"kp_rrif_acc_group_457","l10n_hr_coa_rrif_2015_template","4571","4579","457 - Troškovi rezerviranja po štetnim ugovorima (HSFI 16.21.)"
"kp_rrif_acc_group_459","l10n_hr_coa_rrif_2015_template","4591","4599","459 - Troškovi ostalih dugoročnih rezerviranja i troškovi rizika"
"kp_rrif_acc_group_46","l10n_hr_coa_rrif_2015_template","461","469","46 - OSTALI TROŠKOVI POSLOVANJA"
"kp_rrif_acc_group_460","l10n_hr_coa_rrif_2015_template","4601","4609","460 - Dnevnice za službena putovanja i putni troškovi"
"kp_rrif_acc_group_461","l10n_hr_coa_rrif_2015_template","4611","4619","461 - Nadoknade troškova, darovi i potpore"
"kp_rrif_acc_group_462","l10n_hr_coa_rrif_2015_template","4621","4629","462 - Troškovi članova uprave"
"kp_rrif_acc_group_463","l10n_hr_coa_rrif_2015_template","4631","4639","463 - Troškovi reprezentacije i promidžbe (interne)"
"kp_rrif_acc_group_464","l10n_hr_coa_rrif_2015_template","4641","4649","464 - Premije osiguranja"
"kp_rrif_acc_group_465","l10n_hr_coa_rrif_2015_template","4651","4659","465 - Bankovne usluge i troškovi platnog prometa"
"kp_rrif_acc_group_466","l10n_hr_coa_rrif_2015_template","4661","4669","466 - Članarine, nadoknade i slična davanja"
"kp_rrif_acc_group_467","l10n_hr_coa_rrif_2015_template","4671","4679","467 - Porezi koji ne ovise o dobitku i pristojbe"
"kp_rrif_acc_group_4671","l10n_hr_coa_rrif_2015_template","46711","46719","4671 - Porez (imovinski) na cestovna vozila, plovila i zrakoplove"
"kp_rrif_acc_group_4679","l10n_hr_coa_rrif_2015_template","46791","46799","4679 - Ostali porezi i pristojbe"
"kp_rrif_acc_group_468","l10n_hr_coa_rrif_2015_template","4681","4689","468 - Troškovi prava korištenja (osim najmova)"
"kp_rrif_acc_group_469","l10n_hr_coa_rrif_2015_template","4691","4699","469 - Ostali troškovi poslovanja - nematerijalni"
"kp_rrif_acc_group_4690","l10n_hr_coa_rrif_2015_template","46901","46909","4690 - Troškovi obrazovanja i izobrazbe zaposlenika (stručno obrazovanje, seminari, simpoziji, stručni ispiti, stručno usavršavanje, prekvalifikacije, stručni i specijalistički studij, doktorati, učenje jezika i sl.)"
"kp_rrif_acc_group_47","l10n_hr_coa_rrif_2015_template","471","479","47 - FINANCIJSKI RASHODI"
"kp_rrif_acc_group_470","l10n_hr_coa_rrif_2015_template","4701","4709","470 - Kamate od povezanih društava"
"kp_rrif_acc_group_471","l10n_hr_coa_rrif_2015_template","4711","4719","471 - Tečajne razlike iz odnosa s povezanim društvima"
"kp_rrif_acc_group_472","l10n_hr_coa_rrif_2015_template","4721","4729","472 - Ostali troškovi iz odnosa s povezanim poduzetnicima"
"kp_rrif_acc_group_473","l10n_hr_coa_rrif_2015_template","4731","4739","473 - Kamate iz odnosa s nepovezanim društvima"
"kp_rrif_acc_group_474","l10n_hr_coa_rrif_2015_template","4741","4749","474 - Zatezne kamate"
"kp_rrif_acc_group_475","l10n_hr_coa_rrif_2015_template","4751","4759","475 - Tečajne razlike iz odnosa s nepovezanim društvima"
"kp_rrif_acc_group_476","l10n_hr_coa_rrif_2015_template","4761","4769","476 - Gubitci iz ulaganja u dionice, udjele, obveznice i dr. vrijednosne papire (koji su prodani ispod troška nabave - čl. 10. ZoPD"
"kp_rrif_acc_group_477","l10n_hr_coa_rrif_2015_template","4771","4779","477 - Troškovi diskonta i nagodbi"
"kp_rrif_acc_group_478","l10n_hr_coa_rrif_2015_template","4781","4789","478 - Nerealizirani gubitci (rashodi) od financ. imovine"
"kp_rrif_acc_group_479","l10n_hr_coa_rrif_2015_template","4791","4799","479 - Ostali financijski troškovi"
"kp_rrif_acc_group_48","l10n_hr_coa_rrif_2015_template","481","489","48 - OSTALI POSLOVNI RASHODI"
"kp_rrif_acc_group_480","l10n_hr_coa_rrif_2015_template","4801","4809","480 - Trošak naknadnih popusta, sniženja, reklamacija i troškovi uzoraka"
"kp_rrif_acc_group_481","l10n_hr_coa_rrif_2015_template","4811","4819","481 - Otpisi vrijednosno neusklađenih potraživanja"
"kp_rrif_acc_group_4811","l10n_hr_coa_rrif_2015_template","48111","48119","4811 - Izravni otpisi nenaplaćenih potraživanja od kupaca i drugih koja nisu vrijednosno usklađena"
"kp_rrif_acc_group_482","l10n_hr_coa_rrif_2015_template","4821","4829","482 - Rashodi - otpisi nematerijalne i materijalne imovine"
"kp_rrif_acc_group_483","l10n_hr_coa_rrif_2015_template","4831","4839","483 - Manjkovi i provalne krađe na zalihama i drugim sredstvima"
"kp_rrif_acc_group_484","l10n_hr_coa_rrif_2015_template","4841","4849","484 - Kazne, penali, nadoknade šteta i troškovi iz ugovora"
"kp_rrif_acc_group_485","l10n_hr_coa_rrif_2015_template","4851","4859","485 - Naknadno utvrđeni troškovi poslovanja"
"kp_rrif_acc_group_486","l10n_hr_coa_rrif_2015_template","4861","4869","486 - Darovanje do 2% od ukupnog prihoda"
"kp_rrif_acc_group_487","l10n_hr_coa_rrif_2015_template","4871","4879","487 - Darovanja iznad 2% od UP i dr. darovanja"
"kp_rrif_acc_group_488","l10n_hr_coa_rrif_2015_template","4881","4889","488 - Troškovi iz drugih aktivnosti (izvan osnovne djelatnosti)"
"kp_rrif_acc_group_489","l10n_hr_coa_rrif_2015_template","4891","4899","489 - Ostali troškovi - rashodi (čl. 7. ZoPD-a)"
"kp_rrif_acc_group_49","l10n_hr_coa_rrif_2015_template","491","499","49 - RASPORED TROŠKOVA"
"kp_rrif_acc_group_490","l10n_hr_coa_rrif_2015_template","4901","4909","490 - Raspored troškova za obračun proizvoda i usluga (prema HSFI 10 i MRS-u 2 i MRS-u 11) - uskladištivi troškovi (na račune 60, 62 i 63)"
"kp_rrif_acc_group_491","l10n_hr_coa_rrif_2015_template","4911","4919","491 - Raspored troškova za pokriće upravnih, administrativnih, prodajnih i drugih troškova (na račune 70 i 71)"
"kp_rrif_acc_group_6","l10n_hr_coa_rrif_2015_template","61","69","6 - PROIZVODNJA, BIOLOŠKA IMOVINA, GOTOVI PROIZVODI, ROBA I DUGOTRAJNA IMOVINA NAMIJENJENA PRODAJI"
"kp_rrif_acc_group_60","l10n_hr_coa_rrif_2015_template","601","609","60 - PROIZVODNJA - TROŠKOVI KONVERZIJE"
"kp_rrif_acc_group_600","l10n_hr_coa_rrif_2015_template","6001","6009","600 - Proizvodnja u tijeku (razrada po serijama, nositeljima troškova, mjestima, pogonima, gradilištima, objektima, radnim nalozima i sl.)"
"kp_rrif_acc_group_601","l10n_hr_coa_rrif_2015_template","6011","6019","601 - Vrijednost usluga (u tijeku ili nedovršenih na datum bilance - MRS 2, t. 16.)"
"kp_rrif_acc_group_602","l10n_hr_coa_rrif_2015_template","6021","6029","602 - Vanjska proizvodnja (kooperacija i dr.)"
"kp_rrif_acc_group_605","l10n_hr_coa_rrif_2015_template","6051","6059","605 - Proizvodnja u slobodnoj zoni"
"kp_rrif_acc_group_606","l10n_hr_coa_rrif_2015_template","6061","6069","606 - Proizvodnja u doradi i manipulaciji"
"kp_rrif_acc_group_607","l10n_hr_coa_rrif_2015_template","6071","6079","607 - Obustavljena proizvodnja"
"kp_rrif_acc_group_608","l10n_hr_coa_rrif_2015_template","6081","6089","608 - Proizvodnja u tijeku iz ortačkog ugovora"
"kp_rrif_acc_group_609","l10n_hr_coa_rrif_2015_template","6091","6099","609 - Vrijednosno usklađivanje proizvodnje - usluga"
"kp_rrif_acc_group_61","l10n_hr_coa_rrif_2015_template","611","619","61 - NEDOVRŠENI PROIZVODI I POLUPROIZVODI"
"kp_rrif_acc_group_610","l10n_hr_coa_rrif_2015_template","6101","6109","610 - Zalihe poluproizvoda (analitika prema osnovnim skupinama ili po stupnju dovršenosti)"
"kp_rrif_acc_group_611","l10n_hr_coa_rrif_2015_template","6111","6119","611 - Nedovršeni proizvodi i poluproizvodi (analitika po vrstama proizvoda)"
"kp_rrif_acc_group_619","l10n_hr_coa_rrif_2015_template","6191","6199","619 - Vrijednosno usklađivanje nedovršenih proizvoda i poluproizvoda"
"kp_rrif_acc_group_62","l10n_hr_coa_rrif_2015_template","621","629","62 - BIOLOŠKA IMOVINA"
"kp_rrif_acc_group_620","l10n_hr_coa_rrif_2015_template","6201","6209","620 - Zalihe biološke proizvodnje u toku"
"kp_rrif_acc_group_621","l10n_hr_coa_rrif_2015_template","6211","6219","621 - Zaliha biloške imovine za prodaju"
"kp_rrif_acc_group_629","l10n_hr_coa_rrif_2015_template","6291","6299","629 - Vrijednosno usklađivanje biloške imovine"
"kp_rrif_acc_group_63","l10n_hr_coa_rrif_2015_template","631","639","63 - ZALIHE GOTOVIH PROIZVODA"
"kp_rrif_acc_group_630","l10n_hr_coa_rrif_2015_template","6301","6309","630 - Gotovi proizvodi na skladištu (razrada za svako skladište a unutar toga po skupinama, tipovima, vrstama i sl. te poljoprivredni gotovi proizvodi)"
"kp_rrif_acc_group_631","l10n_hr_coa_rrif_2015_template","6311","6319","631 - Gotovi proizvodi u javnom skladištu, silosu, i dr."
"kp_rrif_acc_group_632","l10n_hr_coa_rrif_2015_template","6321","6329","632 - Gotovi proizvodi dani u komisijsku prodaju"
"kp_rrif_acc_group_633","l10n_hr_coa_rrif_2015_template","6331","6339","633 - Gotovi proizvodi dani u konsignacijsku prodaju"
"kp_rrif_acc_group_634","l10n_hr_coa_rrif_2015_template","6341","6349","634 - Gotovi proizvodi u doradi, obradi i manipulaciji"
"kp_rrif_acc_group_635","l10n_hr_coa_rrif_2015_template","6351","6359","635 - Gotovi proizvodi u slobodnoj zoni"
"kp_rrif_acc_group_636","l10n_hr_coa_rrif_2015_template","6361","6369","636 - Zalihe nekurentnih proizvoda i otpadaka"
"kp_rrif_acc_group_637","l10n_hr_coa_rrif_2015_template","6371","6379","637 - Gotovi proizvodi u izložbenim prostorima"
"kp_rrif_acc_group_638","l10n_hr_coa_rrif_2015_template","6381","6389","638 - Gotovi proizvodi iz ortaštava"
"kp_rrif_acc_group_639","l10n_hr_coa_rrif_2015_template","6391","6399","639 - Vrijednosno usklađivanje zaliha gotovih proizvoda"
"kp_rrif_acc_group_64","l10n_hr_coa_rrif_2015_template","641","649","64 - GOTOVI PROIZVODI U VLASTITIM PRODAVAONICAMA"
"kp_rrif_acc_group_640","l10n_hr_coa_rrif_2015_template","6401","6409","640 - Gotovi proizvodi u prodaji u vlastitim prodavaonicama (analitika po prodavaonicama)"
"kp_rrif_acc_group_641","l10n_hr_coa_rrif_2015_template","6411","6419","641 - Uračunani PDV u vrijednosti proizvoda"
"kp_rrif_acc_group_642","l10n_hr_coa_rrif_2015_template","6421","6429","642 - Uračunani porez na luksuz"
"kp_rrif_acc_group_648","l10n_hr_coa_rrif_2015_template","6481","6489","648 - Uračunana marža u prodajnoj cijeni gotovih proizvoda"
"kp_rrif_acc_group_649","l10n_hr_coa_rrif_2015_template","6491","6499","649 - Vrijednosno usklađivanje gotovih proizvoda u prodavaonicama"
"kp_rrif_acc_group_65","l10n_hr_coa_rrif_2015_template","651","659","65 - OBRAČUN TROŠKOVA NABAVE ROBE - TROŠKOVI KUPNJE"
"kp_rrif_acc_group_650","l10n_hr_coa_rrif_2015_template","6501","6509","650 - Kupovna cijena robe od dobavljača"
"kp_rrif_acc_group_651","l10n_hr_coa_rrif_2015_template","6511","6519","651 - Ostali troškovi nabave u svezi s dovođenjem robe na zalihu"
"kp_rrif_acc_group_652","l10n_hr_coa_rrif_2015_template","6521","6529","652 - Carina i druge uvozne pristojbe za robu"
"kp_rrif_acc_group_653","l10n_hr_coa_rrif_2015_template","6531","6539","653 - Posebni porezi i trošarine (analitika)"
"kp_rrif_acc_group_659","l10n_hr_coa_rrif_2015_template","6591","6599","659 - Obračun nabave - trošak kupnje"
"kp_rrif_acc_group_66","l10n_hr_coa_rrif_2015_template","661","669","66 - ROBA"
"kp_rrif_acc_group_660","l10n_hr_coa_rrif_2015_template","6601","6609","660 - Roba u skladištu"
"kp_rrif_acc_group_661","l10n_hr_coa_rrif_2015_template","6611","6619","661 - Roba u tuđem skladištu i izlozima"
"kp_rrif_acc_group_662","l10n_hr_coa_rrif_2015_template","6621","6629","662 - Roba dana u komisijsku ili konsignacijsku prodaju"
"kp_rrif_acc_group_663","l10n_hr_coa_rrif_2015_template","6631","6639","663 - Roba u prodavaonicama"
"kp_rrif_acc_group_664","l10n_hr_coa_rrif_2015_template","6641","6649","664 - Uračunani porezi u robi"
"kp_rrif_acc_group_665","l10n_hr_coa_rrif_2015_template","6651","6659","665 - Roba u poreznom skladištu ili u slobodnoj zoni"
"kp_rrif_acc_group_666","l10n_hr_coa_rrif_2015_template","6661","6669","666 - Roba u doradi, obradi i manipulaciji"
"kp_rrif_acc_group_667","l10n_hr_coa_rrif_2015_template","6671","6679","667 - Roba na putu"
"kp_rrif_acc_group_668","l10n_hr_coa_rrif_2015_template","6681","6689","668 - Uračunana razlika u cijeni robe"
"kp_rrif_acc_group_669","l10n_hr_coa_rrif_2015_template","6691","6699","669 - Vrijednosno usklađivanje zaliha robe"
"kp_rrif_acc_group_67","l10n_hr_coa_rrif_2015_template","671","679","67 - PREDUJMOVI ZA NABAVU ROBE"
"kp_rrif_acc_group_670","l10n_hr_coa_rrif_2015_template","6701","6709","670 - Dani predujmovi za nabavu robe"
"kp_rrif_acc_group_671","l10n_hr_coa_rrif_2015_template","6711","6719","671 - Dani predujmovi uvozniku za nabavu robe"
"kp_rrif_acc_group_672","l10n_hr_coa_rrif_2015_template","6721","6729","672 - Dani predujmovi za robu povezanom društvu"
"kp_rrif_acc_group_673","l10n_hr_coa_rrif_2015_template","6731","6739","673 - Dani predujmovi za nabavu bioloških proizvoda"
"kp_rrif_acc_group_679","l10n_hr_coa_rrif_2015_template","6791","6799","679 - Vrijednosno usklađenje danih predujmova za robu"
"kp_rrif_acc_group_68","l10n_hr_coa_rrif_2015_template","681","689","68 - NEKRETNINE I UMJETNINE ZA TRGOVANJE"
"kp_rrif_acc_group_680","l10n_hr_coa_rrif_2015_template","6801","6809","680 - Nabavna vrijednost nekretnina za preprodaju (s porezom na promet)"
"kp_rrif_acc_group_681","l10n_hr_coa_rrif_2015_template","6811","6819","681 - Troškovi dodatnog uređenja - dorade"
"kp_rrif_acc_group_682","l10n_hr_coa_rrif_2015_template","6821","6829","682 - Umjetnine u prodaji"
"kp_rrif_acc_group_683","l10n_hr_coa_rrif_2015_template","6831","6839","683 - Nekretnine za prodaju (uređene)"
"kp_rrif_acc_group_684","l10n_hr_coa_rrif_2015_template","6841","6849","684 - Uračunani PDV u umjetnine"
"kp_rrif_acc_group_685","l10n_hr_coa_rrif_2015_template","6851","6859","685 - Oldtimeri za trgovanje"
"kp_rrif_acc_group_687","l10n_hr_coa_rrif_2015_template","6871","6879","687 - Predujmovi za kupnju nekretnina radi daljnje prodaje"
"kp_rrif_acc_group_688","l10n_hr_coa_rrif_2015_template","6881","6889","688 - Uračunana razlika u cijeni nekretnina i umjetnina za daljnju prodaju"
"kp_rrif_acc_group_689","l10n_hr_coa_rrif_2015_template","6891","6899","689 - Vrijednosno usklađivanje nekretnina i umjetnina u prometu i predujmova"
"kp_rrif_acc_group_69","l10n_hr_coa_rrif_2015_template","691","699","69 - DUGOTRAJNA IMOVINA NAMIJENJENA PRODAJI"
"kp_rrif_acc_group_690","l10n_hr_coa_rrif_2015_template","6901","6909","690 - Nematerijalna imovina namijenjena prodaji"
"kp_rrif_acc_group_691","l10n_hr_coa_rrif_2015_template","6911","6919","691 - Materijalna imovina namijenjena za prodaju"
"kp_rrif_acc_group_699","l10n_hr_coa_rrif_2015_template","6991","6999","699 - Vrijednosno usklađenje dugotrajne imovine namijenjena prodaji"
"kp_rrif_acc_group_7","l10n_hr_coa_rrif_2015_template","71","79","7 - POKRIĆE RASHODA I PRIHODI RAZDOBLJA"
"kp_rrif_acc_group_70","l10n_hr_coa_rrif_2015_template","701","709","70 - TROŠKOVI PRODANIH ZALIHA PROIZVODA I USLUGA"
"kp_rrif_acc_group_700","l10n_hr_coa_rrif_2015_template","7001","7009","700 - Trošak zaliha prodanih proizvoda (60, 62, 63 i 64)"
"kp_rrif_acc_group_701","l10n_hr_coa_rrif_2015_template","7011","7019","701 - Troškovi realiziranih usluga (490 i 601)"
"kp_rrif_acc_group_702","l10n_hr_coa_rrif_2015_template","7021","7029","702 - Troškovi neiskorištenog kapaciteta (HSFI t. 10.18. i MRS 2 t. 13)"
"kp_rrif_acc_group_703","l10n_hr_coa_rrif_2015_template","7031","7039","703 - Troškovi prodanih zaliha materijala i otpadaka (31, 32, 35 i 36)"
"kp_rrif_acc_group_704","l10n_hr_coa_rrif_2015_template","7041","7049","704 - Rashodi zaliha proizvodnje (HSFI 10 i MRS 2)"
"kp_rrif_acc_group_705","l10n_hr_coa_rrif_2015_template","7051","7059","705 - Greškom neiskazani rashodi proteklih razdoblja"
"kp_rrif_acc_group_706","l10n_hr_coa_rrif_2015_template","7061","7069","706 - Gubitci iz ugovora o izgradnji (MRS 11, t. 36.)"
"kp_rrif_acc_group_707","l10n_hr_coa_rrif_2015_template","7071","7079","707 - Troškovi iz ugovora o ortaštvu"
"kp_rrif_acc_group_708","l10n_hr_coa_rrif_2015_template","7081","7089","708 - Troškovi vrijednosnog usklađenja proizvodnje u tijeku (609), poluproizvoda (629) i zaliha gotovih proizvoda (639 i 649)"
"kp_rrif_acc_group_71","l10n_hr_coa_rrif_2015_template","711","719","71 - TROŠKOVI PRODANE ROBE"
"kp_rrif_acc_group_710","l10n_hr_coa_rrif_2015_template","7101","7109","710 - Nabavna vrijednost prodane robe"
"kp_rrif_acc_group_711","l10n_hr_coa_rrif_2015_template","7111","7119","711 - Nabavna vrijednost prodanih nekretnina i umjetnina"
"kp_rrif_acc_group_712","l10n_hr_coa_rrif_2015_template","7121","7129","712 - Troškovi dugotr. imov. namijenjeni prodaji"
"kp_rrif_acc_group_713","l10n_hr_coa_rrif_2015_template","7131","7139","713 - Troškovi kala, rastepa, kvara i loma na robi i otpisi robe"
"kp_rrif_acc_group_714","l10n_hr_coa_rrif_2015_template","7141","7149","714 - Troškovi zamjene robe u jamstvenom roku"
"kp_rrif_acc_group_715","l10n_hr_coa_rrif_2015_template","7151","7159","715 - Greškom neiskazani rashodi prodane robe u proteklim razdobljima u trgovini"
"kp_rrif_acc_group_718","l10n_hr_coa_rrif_2015_template","7181","7189","718 - Troškovi vrijednosnog usklađenja trgovačke robe i predujmova (669, 679, 689)"
"kp_rrif_acc_group_719","l10n_hr_coa_rrif_2015_template","7191","7199","719 - Troškovi vrijednosnog usklađenja dugotrajne imovine namijenjene prodaji (699)"
"kp_rrif_acc_group_72","l10n_hr_coa_rrif_2015_template","721","729","72 - TROŠKOVI UPRAVE, ADMINISTRACIJE I OSTALI RASHODI"
"kp_rrif_acc_group_720","l10n_hr_coa_rrif_2015_template","7201","7209","720 - Troškovi uprave, prodaje, administracije (491)"
"kp_rrif_acc_group_721","l10n_hr_coa_rrif_2015_template","7211","7219","721 - Ostali poslovni rashodi - nespomenuti"
"kp_rrif_acc_group_73","l10n_hr_coa_rrif_2015_template","731","739","73 - IZVANREDNI - OSTALI RASHODI"
"kp_rrif_acc_group_730","l10n_hr_coa_rrif_2015_template","7301","7309","730 - Izvanredni rashodi od prodaje dugotrajne imovine (HSFI t. 8.35.)"
"kp_rrif_acc_group_731","l10n_hr_coa_rrif_2015_template","7311","7319","731 - Izvanredni otpisi od otuđenja imovine koji su nastali neočekivano i u visokoj vrijednosti (HSFI t. 4.7. i MRS 10, t. 9.)"
"kp_rrif_acc_group_732","l10n_hr_coa_rrif_2015_template","7321","7329","732 - Gubitci zbog izvlaštenja ili zbog prirodnih katastrofa na važnom dijelu imovine"
"kp_rrif_acc_group_733","l10n_hr_coa_rrif_2015_template","7331","7339","733 - Izvanredni rashodi iz ostalih rijetkih i neobičnih događaja ili transakcija"
"kp_rrif_acc_group_734","l10n_hr_coa_rrif_2015_template","7341","7349","734 - Izvanredne kazne, penali, odštete, naknadno utvrđ. obveze i sl."
"kp_rrif_acc_group_735","l10n_hr_coa_rrif_2015_template","7351","7359","735 - Nerealizirani gubitci"
"kp_rrif_acc_group_736","l10n_hr_coa_rrif_2015_template","7361","7369","736 - Troškovi vraćene robe prodane u prethodnim god."
"kp_rrif_acc_group_737","l10n_hr_coa_rrif_2015_template","7371","7379","737 - Gubitci od procjene biološke imovine"
"kp_rrif_acc_group_738","l10n_hr_coa_rrif_2015_template","7381","7389","738 - Gubitci od procjene poljoprivrednih proizvoda"
"kp_rrif_acc_group_74","l10n_hr_coa_rrif_2015_template","741","749","74 - UDIO U GUBITKU I DOBITKU PRIDRUŽENIH PODUZETNIKA"
"kp_rrif_acc_group_740","l10n_hr_coa_rrif_2015_template","7401","7409","740 - Udio u gubitku pridruženih poduzetnika"
"kp_rrif_acc_group_745","l10n_hr_coa_rrif_2015_template","7451","7459","745 - Udio u dobitku od pridruženih poduzetnika"
"kp_rrif_acc_group_75","l10n_hr_coa_rrif_2015_template","751","759","75 - PRIHODI OD PRODAJE PROIZVODA I USLUGA"
"kp_rrif_acc_group_750","l10n_hr_coa_rrif_2015_template","7501","7509","750 - Prihodi od prodaje proizvoda (analitika po proizvodima ili profitnim centrima)"
"kp_rrif_acc_group_751","l10n_hr_coa_rrif_2015_template","7511","7519","751 - Prihodi od prodaje usluga"
"kp_rrif_acc_group_752","l10n_hr_coa_rrif_2015_template","7521","7529","752 - Prihodi od graditeljskih usluga - iz ugovora o izgradnji (građevina)"
"kp_rrif_acc_group_753","l10n_hr_coa_rrif_2015_template","7531","7539","753 - Prihodi od prodaje dobara u inozemstvo"
"kp_rrif_acc_group_754","l10n_hr_coa_rrif_2015_template","7541","7549","754 - Prihodi od prodaje usluga u inozemstvo"
"kp_rrif_acc_group_755","l10n_hr_coa_rrif_2015_template","7551","7559","755 - Prihodi od prodaje dobara i usluga društvima u kojima postoje sudjelujući interesi (do 20% udjela)"
"kp_rrif_acc_group_756","l10n_hr_coa_rrif_2015_template","7561","7569","756 - Prihodi od prodaje proizvoda i usluga ovisnim društvima (analitika po društvima)"
"kp_rrif_acc_group_757","l10n_hr_coa_rrif_2015_template","7571","7579","757 - Prihodi od zakupa i najmova"
"kp_rrif_acc_group_758","l10n_hr_coa_rrif_2015_template","7581","7589","758 - Prihodi iz ortaštva"
"kp_rrif_acc_group_759","l10n_hr_coa_rrif_2015_template","7591","7599","759 - Ostali prihodi od ostale prodaje"
"kp_rrif_acc_group_76","l10n_hr_coa_rrif_2015_template","761","769","76 - PRIHODI OD PRODAJE TRGOVAČKE ROBE"
"kp_rrif_acc_group_760","l10n_hr_coa_rrif_2015_template","7601","7609","760 - Prihodi od prodaje robe"
"kp_rrif_acc_group_761","l10n_hr_coa_rrif_2015_template","7611","7619","761 - Prihodi od prodaje robe u inozemstvu"
"kp_rrif_acc_group_762","l10n_hr_coa_rrif_2015_template","7621","7629","762 - Prihodi od trgovačkih usluga"
"kp_rrif_acc_group_763","l10n_hr_coa_rrif_2015_template","7631","7639","763 - Prihodi od prodaje nekurentne robe (robe u kvaru, oštećenju, demodirana i sl.)"
"kp_rrif_acc_group_764","l10n_hr_coa_rrif_2015_template","7641","7649","764 - Prihodi od prodaje robe na kredit"
"kp_rrif_acc_group_765","l10n_hr_coa_rrif_2015_template","7651","7659","765 - Prihodi od prodaje robe društvima u kojima postoje sudjelujući interesi (do 20% udjela)"
"kp_rrif_acc_group_766","l10n_hr_coa_rrif_2015_template","7661","7669","766 - Prihodi od prodaje robe ovisnim društvima"
"kp_rrif_acc_group_767","l10n_hr_coa_rrif_2015_template","7671","7679","767 - Prihodi od dane (prodane) robe u financijski lizing (najam)"
"kp_rrif_acc_group_768","l10n_hr_coa_rrif_2015_template","7681","7689","768 - Prihodi od preprodaje nekretnina i umjetnina"
"kp_rrif_acc_group_769","l10n_hr_coa_rrif_2015_template","7691","7699","769 - Ostali prihodi od prodaje roba i trgovačkih usluga"
"kp_rrif_acc_group_77","l10n_hr_coa_rrif_2015_template","771","779","77 - FINANCIJSKI PRIHODI"
"kp_rrif_acc_group_770","l10n_hr_coa_rrif_2015_template","7701","7709","770 - Kamate, tečajne razlike, dividende i sl. prihodi iz odnosa s povezanim poduzetnicima"
"kp_rrif_acc_group_771","l10n_hr_coa_rrif_2015_template","7711","7719","771 - Prihodi od kamata"
"kp_rrif_acc_group_772","l10n_hr_coa_rrif_2015_template","7721","7729","772 - Prihodi od tečajnih razlika"
"kp_rrif_acc_group_773","l10n_hr_coa_rrif_2015_template","7731","7739","773 - Prihodi od dividende i dobitaka iz udjela"
"kp_rrif_acc_group_774","l10n_hr_coa_rrif_2015_template","7741","7749","774 - Financijski prihodi od imovine"
"kp_rrif_acc_group_775","l10n_hr_coa_rrif_2015_template","7751","7759","775 - Dio prihoda od pridruženih poduzetnika i sudjelujućih interesa"
"kp_rrif_acc_group_776","l10n_hr_coa_rrif_2015_template","7761","7769","776 - Nerealizirani dobitci (prihodi) od financijske imovine"
"kp_rrif_acc_group_777","l10n_hr_coa_rrif_2015_template","7771","7779","777 - Prihodi negativnog goodwilla"
"kp_rrif_acc_group_778","l10n_hr_coa_rrif_2015_template","7781","7789","778 - Prihodi od financijskih naknada"
"kp_rrif_acc_group_779","l10n_hr_coa_rrif_2015_template","7791","7799","779 - Ostali financijski prihodi"
"kp_rrif_acc_group_78","l10n_hr_coa_rrif_2015_template","781","789","78 - OSTALI POSLOVNI I IZVANREDNI PRIHODI"
"kp_rrif_acc_group_780","l10n_hr_coa_rrif_2015_template","7801","7809","780 - Prihodi od otpisa obveza i popusta"
"kp_rrif_acc_group_781","l10n_hr_coa_rrif_2015_template","7811","7819","781 - Prihodi od rezidualnih imovinskih stavki, viškova i procjena"
"kp_rrif_acc_group_782","l10n_hr_coa_rrif_2015_template","7821","7829","782 - Prihodi od ukidanja rezerviranja i naknadno naplaćeni prihodi"
"kp_rrif_acc_group_783","l10n_hr_coa_rrif_2015_template","7831","7839","783 - Prihodi od refundac., dotacija, subvencija i nadoknada"
"kp_rrif_acc_group_784","l10n_hr_coa_rrif_2015_template","7841","7849","784 - Prihodi od ukidanja gubitaka i revalorizacija"
"kp_rrif_acc_group_785","l10n_hr_coa_rrif_2015_template","7851","7859","785 - Ostali poslovni prihodi"
"kp_rrif_acc_group_786","l10n_hr_coa_rrif_2015_template","7861","7869","786 - Prihodi od državnih potpora (HSFI 15 i MRS 20)"
"kp_rrif_acc_group_787","l10n_hr_coa_rrif_2015_template","7871","7879","787 - Dobitci od procjene poljoprivrednih proizvoda i biološke imovine (HSFI 17, t. 17.12 i MRS 41)"
"kp_rrif_acc_group_788","l10n_hr_coa_rrif_2015_template","7881","7889","788 - Prihodi od uporabe vlastitih proizvoda"
"kp_rrif_acc_group_789","l10n_hr_coa_rrif_2015_template","7891","7899","789 - Izvanredni - ostali prihodi (npr. veliki besplatni primitak, prihod koji nije proizašao iz redovitog poslovanja)"
"kp_rrif_acc_group_79","l10n_hr_coa_rrif_2015_template","791","799","79 - RAZLIKA PRIHODA I RASHODA FINANCIJSKE GODINE"
"kp_rrif_acc_group_790","l10n_hr_coa_rrif_2015_template","7901","7909","790 - Razlika prihoda i rashoda (iz cjelokupnog poslovanja)"
"kp_rrif_acc_group_8","l10n_hr_coa_rrif_2015_template","81","89","8 - FINANCIJSKI REZULTAT POSLOVANJA"
"kp_rrif_acc_group_80","l10n_hr_coa_rrif_2015_template","801","809","80 - DOBITAK ILI GUBITAK RAZDOBLJA"
"kp_rrif_acc_group_800","l10n_hr_coa_rrif_2015_template","8001","8009","800 - Dobitak prije oporezivanja"
"kp_rrif_acc_group_801","l10n_hr_coa_rrif_2015_template","8011","8019","801 - Gubitak prije oporezivanja"
"kp_rrif_acc_group_803","l10n_hr_coa_rrif_2015_template","8031","8039","803 - Porez na dobitak (gubitak)"
"kp_rrif_acc_group_804","l10n_hr_coa_rrif_2015_template","8041","8049","804 - Dobitak ili gubitak razdoblja"
"kp_rrif_acc_group_81","l10n_hr_coa_rrif_2015_template","811","819","81 - DOBITAK ILI GUBITAK RAZDOBLJA KOJI PRIPADA DRUGIMA"
"kp_rrif_acc_group_810","l10n_hr_coa_rrif_2015_template","8101","8109","810 - Dobitak pripisan imateljima kapitala matice"
"kp_rrif_acc_group_811","l10n_hr_coa_rrif_2015_template","8111","8119","811 - Gubitak koji tereti imatelje kapitala matice"
"kp_rrif_acc_group_813","l10n_hr_coa_rrif_2015_template","8131","8139","813 - Dobitak pripisan manjinskom interesu"
"kp_rrif_acc_group_814","l10n_hr_coa_rrif_2015_template","8141","8149","814 - Gubitak koji tereti manjinski interes"
"kp_rrif_acc_group_9","l10n_hr_coa_rrif_2015_template","91","99","9 - KAPITAL I PRIČUVE TE IZVANBILANČNI ZAPISI"
"kp_rrif_acc_group_90","l10n_hr_coa_rrif_2015_template","901","909","90 - TEMELJNI - (UPISANI) KAPITAL"
"kp_rrif_acc_group_900","l10n_hr_coa_rrif_2015_template","9001","9009","900 - Upisani temeljni kapital koji je plaćen"
"kp_rrif_acc_group_901","l10n_hr_coa_rrif_2015_template","9011","9019","901 - Upisani temeljni kapital manjinskih članova"
"kp_rrif_acc_group_902","l10n_hr_coa_rrif_2015_template","9021","9029","902 - Upisani kapital koji nije plaćen"
"kp_rrif_acc_group_903","l10n_hr_coa_rrif_2015_template","9031","9039","903 - Kapital (ulozi) članova javnog trgovačkog društva"
"kp_rrif_acc_group_904","l10n_hr_coa_rrif_2015_template","9041","9049","904 - Kapital (ulozi) komanditora komanditnog društva"
"kp_rrif_acc_group_905","l10n_hr_coa_rrif_2015_template","9051","9059","905 - Državni kapital u udjelima"
"kp_rrif_acc_group_906","l10n_hr_coa_rrif_2015_template","9061","9069","906 - Kapital članova zadruge"
"kp_rrif_acc_group_91","l10n_hr_coa_rrif_2015_template","911","919","91 - KAPITALNE PRIČUVE"
"kp_rrif_acc_group_910","l10n_hr_coa_rrif_2015_template","9101","9109","910 - Uplaćeni udjeli - dionice iznad svote temeljnog kapitala"
"kp_rrif_acc_group_911","l10n_hr_coa_rrif_2015_template","9111","9119","911 - Kapitalne pričuve iz dodatnih uplata radi stjecanja posebnih prava u društvu (ili zamjenjivih obveznica)"
"kp_rrif_acc_group_912","l10n_hr_coa_rrif_2015_template","9121","9129","912 - Kapitalne pričuve iz uplata dodatnih činidbi"
"kp_rrif_acc_group_913","l10n_hr_coa_rrif_2015_template","9131","9139","913 - Kapitalne pričuve iz ostatka pri smanjenju temeljnog kapitala"
"kp_rrif_acc_group_914","l10n_hr_coa_rrif_2015_template","9141","9149","914 - Kapitalne pričuve iz drugih izvora"
"kp_rrif_acc_group_915","l10n_hr_coa_rrif_2015_template","9151","9159","915 - Kapitalni dobitak iz prodaje vlastitih udjela - dionica"
"kp_rrif_acc_group_916","l10n_hr_coa_rrif_2015_template","9161","9169","916 - Kapitalni dobitak na prodane emitirane dionice"
"kp_rrif_acc_group_917","l10n_hr_coa_rrif_2015_template","9171","9179","917 - Kapitalne pričuve iz ulaganja tajnog člana društva (čl. 148. ZTD-a)"
"kp_rrif_acc_group_919","l10n_hr_coa_rrif_2015_template","9191","9199","919 - Kapital iz ulaganja obrtnika dobitaša"
"kp_rrif_acc_group_92","l10n_hr_coa_rrif_2015_template","921","929","92 - PRIČUVE IZ DOBITKA"
"kp_rrif_acc_group_920","l10n_hr_coa_rrif_2015_template","9201","9209","920 - Zakonske pričuve (u d.d.)"
"kp_rrif_acc_group_921","l10n_hr_coa_rrif_2015_template","9211","9219","921 - Pričuve za vlastite dionice i udjele (čl. 233. i 406.a ZTD-a)"
"kp_rrif_acc_group_922","l10n_hr_coa_rrif_2015_template","9221","9229","922 - Vlastite dionice i udjeli (odbitna- dugovna stavka)"
"kp_rrif_acc_group_923","l10n_hr_coa_rrif_2015_template","9231","9239","923 - Statutarne pričuve"
"kp_rrif_acc_group_924","l10n_hr_coa_rrif_2015_template","9241","9249","924 - Ostale pričuve"
"kp_rrif_acc_group_93","l10n_hr_coa_rrif_2015_template","931","939","93 - REVALORIZACIJSKE PRIČUVE"
"kp_rrif_acc_group_930","l10n_hr_coa_rrif_2015_template","9301","9309","930 - Revalorizacijske pričuve"
"kp_rrif_acc_group_931","l10n_hr_coa_rrif_2015_template","9311","9319","931 - Revalorizacijske pričuve ranijih godina"
"kp_rrif_acc_group_932","l10n_hr_coa_rrif_2015_template","9321","9329","932 - Pričuve iz tečajnih razlika od ulaganja u inozemno poslovanje (MRS 21, t. 39.)"
"kp_rrif_acc_group_933","l10n_hr_coa_rrif_2015_template","9331","9339","933 - Dobitci/gubitci od udjela u kapitalu do prestanka priznavanja (MRS 1, t. 95. i MRS 39. 55.b)"
"kp_rrif_acc_group_934","l10n_hr_coa_rrif_2015_template","9341","9349","934 - Dobitci/gubitci iz zaštite novčanog toka do reklasifikacije (MRS 1, t. 95. i MRS 39, t. 100.)"
"kp_rrif_acc_group_935","l10n_hr_coa_rrif_2015_template","9351","9359","935 - Ostali akumulirani sveobuhvatni dobitci/gubitci - pričuve (MRS 1, t. 96.)"
"kp_rrif_acc_group_936","l10n_hr_coa_rrif_2015_template","9361","9369","936 - Revaloriz. pričuve ulagatelja po metodi udjela"
"kp_rrif_acc_group_94","l10n_hr_coa_rrif_2015_template","941","949","94 - ZADRŽANI DOBITAK ILI PRENESENI GUBITAK"
"kp_rrif_acc_group_940","l10n_hr_coa_rrif_2015_template","9401","9409","940 - Zadržani dobitak (iz prethodnih godina)"
"kp_rrif_acc_group_9400","l10n_hr_coa_rrif_2015_template","94001","94009","9400 - Zadržani dobitci ostvareni do kraja 2000."
"kp_rrif_acc_group_9401","l10n_hr_coa_rrif_2015_template","94011","94019","9401 - Zadržani dobitak iz 2001. do 2004."
"kp_rrif_acc_group_9402","l10n_hr_coa_rrif_2015_template","94021","94029","9402 - Zadržani dobitak iz 2004. do 2012."
"kp_rrif_acc_group_9403","l10n_hr_coa_rrif_2015_template","94031","94039","9403 - Zadržani dobitak iz 2012. i poslije"
"kp_rrif_acc_group_941","l10n_hr_coa_rrif_2015_template","9411","9419","941 - Preneseni gubitak (kumuliran u prethodnim godinama - analitika po članovima)"
"kp_rrif_acc_group_95","l10n_hr_coa_rrif_2015_template","951","959","95 - DOBITAK ILI GUBITAK POSLOVNE GODINE"
"kp_rrif_acc_group_950","l10n_hr_coa_rrif_2015_template","9501","9509","950 - Dobitak poslovne godine"
"kp_rrif_acc_group_951","l10n_hr_coa_rrif_2015_template","9511","9519","951 - Gubitak poslovne godine (analitika po članovima)"
"kp_rrif_acc_group_96","l10n_hr_coa_rrif_2015_template","961","969","96 - MANJINSKI INTERES"
"kp_rrif_acc_group_960","l10n_hr_coa_rrif_2015_template","9601","9609","960 - Manjinski interes"
"kp_rrif_acc_group_99","l10n_hr_coa_rrif_2015_template","991","999","99 - IZVANBILANČNI ZAPISI"
"kp_rrif_acc_group_990","l10n_hr_coa_rrif_2015_template","9901","9909","990 - Imovina - materijalna u optjecaju"
"kp_rrif_acc_group_991","l10n_hr_coa_rrif_2015_template","9911","9919","991 - Prava"
"kp_rrif_acc_group_992","l10n_hr_coa_rrif_2015_template","9921","9929","992 - Vrijednosni papiri"
"kp_rrif_acc_group_993","l10n_hr_coa_rrif_2015_template","9931","9939","993 - Vrijednosnice u manipulaciji"
"kp_rrif_acc_group_994","l10n_hr_coa_rrif_2015_template","9941","9949","994 - Obračun dobitka investicijskog pothvata"
"kp_rrif_acc_group_995","l10n_hr_coa_rrif_2015_template","9951","9959","995 - Izvori materijalne imovine"
"kp_rrif_acc_group_996","l10n_hr_coa_rrif_2015_template","9961","9969","996 - Izvori prava"
"kp_rrif_acc_group_997","l10n_hr_coa_rrif_2015_template","9971","9979","997 - Obveze za vrijednosne papire koji nisu stavljeni u optjecaj"
"kp_rrif_acc_group_998","l10n_hr_coa_rrif_2015_template","9981","9989","998 - Obveze za izdane vrijednosnice u manipulaciji"
"kp_rrif_acc_group_999","l10n_hr_coa_rrif_2015_template","9991","9999","999 - Obveze s osnove investicijskog pothvata"
